node_id,window_start,window_end,pdr_mean,pdr_var,pdr_corrected,speed_kmh,is_handoff,kl_divergence,autocorr_peak,rsu_id,packets_received_total,packets_forwarded_total,ground_truth_label,is_attacker,label_multiclass,label_binary
1,0.0,10.0,0.851,0.0051,0.8532,53.5,0,0.0313,0.0163,RSU_02,123,108,BENIGN,0,0,0
1,1.0,11.0,0.9012,0.0138,0.9036,59.3,0,0.0642,0.054,RSU_02,57,53,BENIGN,0,0,0
1,2.0,12.0,0.8422,0.0057,0.8443,48.8,0,0.0121,0.0433,RSU_02,109,92,BENIGN,0,0,0
1,3.0,13.0,0.7968,0.0191,0.7988,46.0,0,0.0504,0.0829,RSU_02,128,104,BENIGN,0,0,0
1,4.0,14.0,0.9638,0.0388,0.9656,43.5,0,0.0142,0.0722,RSU_02,54,51,BENIGN,0,0,0
1,5.0,15.0,0.9765,0.0269,0.9784,45.4,0,0.0385,0.081,RSU_02,145,136,BENIGN,0,0,0
1,6.0,16.0,0.9152,0.0152,0.9168,36.5,0,0.0044,0.0599,RSU_02,140,127,BENIGN,0,0,0
1,7.0,17.0,0.7902,0.0328,0.7915,31.6,0,0.0661,0.0588,RSU_02,85,66,BENIGN,0,0,0
1,8.0,18.0,0.9126,0.0314,0.9144,44.0,0,0.0479,0.0414,RSU_02,145,135,BENIGN,0,0,0
1,9.0,19.0,0.9114,0.0229,0.9139,60.1,0,0.0148,0.006,RSU_02,110,102,BENIGN,0,0,0
1,10.0,20.0,0.92,0.0032,0.9218,43.1,0,0.0353,0.0163,RSU_02,68,65,BENIGN,0,0,0
1,11.0,21.0,0.8635,0.0205,0.8651,38.1,0,0.0387,0.0383,RSU_02,133,112,BENIGN,0,0,0
1,12.0,22.0,0.7949,0.023,0.7967,42.1,0,0.0453,0.0878,RSU_02,105,81,BENIGN,0,0,0
1,13.0,23.0,0.7896,0.0378,0.7914,43.3,0,0.0674,0.0297,RSU_02,57,42,BENIGN,0,0,0
1,14.0,24.0,0.8889,0.0098,0.8906,41.2,0,0.0287,0.099,RSU_02,118,104,BENIGN,0,0,0
1,15.0,25.0,0.7809,0.0268,0.783,49.8,0,0.0513,0.0411,RSU_02,98,72,BENIGN,0,0,0
1,16.0,26.0,0.8172,0.0039,0.8188,39.0,0,0.0765,0.0599,RSU_02,122,99,BENIGN,0,0,0
1,17.0,27.0,0.8004,0.0072,0.8018,34.5,0,0.0638,0.0678,RSU_02,104,80,BENIGN,0,0,0
1,18.0,28.0,0.8389,0.014,0.8409,48.5,0,0.0626,0.0993,RSU_02,74,61,BENIGN,0,0,0
1,19.0,29.0,0.8639,0.0164,0.8656,42.3,0,0.0783,0.0181,RSU_02,129,111,BENIGN,0,0,0
1,20.0,30.0,0.9015,0.0333,0.9036,51.7,0,0.0643,0.0866,RSU_02,55,47,BENIGN,0,0,0
1,21.0,31.0,0.8952,0.0161,0.8967,35.6,0,0.0416,0.0997,RSU_02,63,57,BENIGN,0,0,0
1,22.0,32.0,0.8133,0.038,0.8148,34.2,0,0.0704,0.0907,RSU_02,149,124,BENIGN,0,0,0
1,23.0,33.0,0.8816,0.0167,0.8832,37.3,0,0.0286,0.0594,RSU_02,107,91,BENIGN,0,0,0
1,24.0,34.0,0.8998,0.0084,0.9015,41.1,0,0.0594,0.0025,RSU_02,85,74,BENIGN,0,0,0
1,25.0,35.0,0.9259,0.0227,0.9278,44.6,0,0.0637,0.0735,RSU_02,111,105,BENIGN,0,0,0
1,26.0,36.0,0.868,0.024,0.8694,33.0,0,0.0411,0.0288,RSU_02,50,43,BENIGN,0,0,0
1,27.0,37.0,0.785,0.0234,0.7862,27.2,0,0.0753,0.0174,RSU_02,97,76,BENIGN,0,0,0
1,28.0,38.0,0.8655,0.0209,0.8674,43.8,0,0.0717,0.0196,RSU_02,52,43,BENIGN,0,0,0
1,29.0,39.0,0.9054,0.0324,0.9072,43.8,0,0.0344,0.075,RSU_02,141,129,BENIGN,0,0,0
1,30.0,40.0,0.8217,0.0099,0.823,31.8,0,0.0245,0.0555,RSU_02,108,89,BENIGN,0,0,0
1,31.0,41.0,0.7984,0.0069,0.8008,57.3,0,0.0414,0.0214,RSU_02,78,59,BENIGN,0,0,0
1,32.0,42.0,0.9164,0.0268,0.9185,51.9,1,0.0639,0.0933,RSU_02,52,46,BENIGN,0,0,0
1,33.0,43.0,0.9226,0.0373,0.9251,60.4,0,0.0798,0.072,RSU_02,78,69,BENIGN,0,0,0
1,34.0,44.0,0.8263,0.0055,0.8282,44.6,0,0.0687,0.05,RSU_02,117,96,BENIGN,0,0,0
1,35.0,45.0,0.8456,0.0164,0.8477,48.2,0,0.0168,0.0977,RSU_02,114,94,BENIGN,0,0,0
1,36.0,46.0,0.9408,0.0277,0.9425,40.5,0,0.0773,0.0394,RSU_02,63,60,BENIGN,0,0,0
1,37.0,47.0,0.8234,0.0202,0.8256,51.5,0,0.025,0.0427,RSU_02,114,95,BENIGN,0,0,0
1,38.0,48.0,0.8365,0.0079,0.838,35.3,0,0.0627,0.0909,RSU_02,87,74,BENIGN,0,0,0
1,39.0,49.0,0.8184,0.0383,0.8203,45.3,0,0.0301,0.0339,RSU_02,56,46,BENIGN,0,0,0
1,40.0,50.0,0.8466,0.0324,0.848,34.0,0,0.07,0.0302,RSU_02,135,114,BENIGN,0,0,0
1,41.0,51.0,0.925,0.0378,0.9269,45.2,0,0.0546,0.0332,RSU_02,100,93,BENIGN,0,0,0
1,42.0,52.0,0.8455,0.0321,0.8473,43.2,0,0.0689,0.0137,RSU_02,145,127,BENIGN,0,0,0
1,43.0,53.0,0.9505,0.0378,0.9527,51.5,0,0.025,0.0859,RSU_02,63,57,BENIGN,0,0,0
1,44.0,54.0,0.833,0.0349,0.8351,50.2,0,0.0135,0.0054,RSU_02,121,102,BENIGN,0,0,0
1,45.0,55.0,0.8153,0.0335,0.8175,51.5,0,0.0439,0.0189,RSU_02,122,99,BENIGN,0,0,0
1,46.0,56.0,0.954,0.0332,0.9566,61.8,0,0.0568,0.0105,RSU_02,133,127,BENIGN,0,0,0
1,47.0,57.0,0.9646,0.029,0.9668,51.7,0,0.009,0.0408,RSU_02,138,135,BENIGN,0,0,0
1,48.0,58.0,0.8322,0.0377,0.8343,50.5,0,0.0239,0.0776,RSU_02,89,76,BENIGN,0,0,0
1,49.0,59.0,0.855,0.0138,0.8569,45.3,0,0.0416,0.0441,RSU_02,137,117,BENIGN,0,0,0
1,50.0,60.0,0.9864,0.01,0.9892,67.9,0,0.0059,0.0663,RSU_02,109,109,BENIGN,0,0,0
1,51.0,61.0,0.8211,0.0328,0.8223,28.8,0,0.0519,0.0419,RSU_02,95,74,BENIGN,0,0,0
1,52.0,62.0,0.8474,0.0238,0.8494,48.8,0,0.0797,0.0435,RSU_02,142,118,BENIGN,0,0,0
1,53.0,63.0,0.8679,0.0088,0.8695,38.3,0,0.0,0.0915,RSU_02,134,115,BENIGN,0,0,0
1,54.0,64.0,0.7942,0.029,0.7957,36.2,0,0.0743,0.0431,RSU_02,61,49,BENIGN,0,0,0
1,55.0,65.0,0.9105,0.0287,0.9115,24.5,0,0.0088,0.0036,RSU_02,149,136,BENIGN,0,0,0
1,56.0,66.0,0.8733,0.027,0.8754,52.0,0,0.0407,0.0861,RSU_02,136,117,BENIGN,0,0,0
1,57.0,67.0,0.9872,0.0302,0.9891,44.2,0,0.0199,0.0538,RSU_02,149,147,BENIGN,0,0,0
1,58.0,68.0,0.8647,0.0094,0.8662,34.1,1,0.0655,0.0337,RSU_02,132,116,BENIGN,0,0,0
1,59.0,69.0,0.8193,0.0222,0.8208,35.7,0,0.0233,0.0417,RSU_02,87,69,BENIGN,0,0,0
1,60.0,70.0,0.9802,0.0024,0.9813,25.3,0,0.0238,0.0298,RSU_02,82,80,BENIGN,0,0,0
1,61.0,71.0,0.9133,0.005,0.9152,45.7,0,0.0056,0.0909,RSU_02,69,61,BENIGN,0,0,0
1,62.0,72.0,0.9806,0.0099,0.9825,43.4,0,0.0688,0.0169,RSU_02,135,134,BENIGN,0,0,0
1,63.0,73.0,0.9763,0.0364,0.9781,42.0,0,0.0656,0.0888,RSU_02,69,66,BENIGN,0,0,0
1,64.0,74.0,0.8626,0.0218,0.864,34.0,0,0.0128,0.0691,RSU_02,66,54,BENIGN,0,0,0
1,65.0,75.0,0.9353,0.0258,0.937,42.2,0,0.0125,0.0547,RSU_02,58,50,BENIGN,0,0,0
1,66.0,76.0,0.8375,0.0382,0.8389,31.8,1,0.0763,0.0352,RSU_02,54,41,BENIGN,0,0,0
1,67.0,77.0,0.8097,0.0305,0.8113,38.8,0,0.0087,0.0981,RSU_02,88,68,BENIGN,0,0,0
1,68.0,78.0,0.8203,0.0058,0.8218,36.6,0,0.075,0.0918,RSU_02,138,115,BENIGN,0,0,0
1,69.0,79.0,0.8503,0.0125,0.8524,51.4,0,0.0509,0.0356,RSU_02,64,55,BENIGN,0,0,0
1,70.0,80.0,0.8078,0.0079,0.8099,51.8,0,0.019,0.03,RSU_02,114,92,BENIGN,0,0,0
1,71.0,81.0,0.953,0.0082,0.9553,54.8,0,0.0375,0.0801,RSU_02,68,66,BENIGN,0,0,0
1,72.0,82.0,0.9249,0.0126,0.9271,52.3,1,0.0045,0.061,RSU_02,74,66,BENIGN,0,0,0
1,73.0,83.0,0.8426,0.0036,0.8441,36.1,0,0.0729,0.0006,RSU_02,98,82,BENIGN,0,0,0
1,74.0,84.0,0.814,0.0386,0.8156,39.0,0,0.0165,0.0742,RSU_02,104,83,BENIGN,0,0,0
1,75.0,85.0,0.821,0.0066,0.8228,43.1,0,0.0733,0.0328,RSU_02,87,73,BENIGN,0,0,0
1,76.0,86.0,0.935,0.0239,0.9365,36.0,0,0.0705,0.005,RSU_02,75,72,BENIGN,0,0,0
1,77.0,87.0,0.973,0.017,0.9743,29.7,0,0.0274,0.0962,RSU_02,94,91,BENIGN,0,0,0
1,78.0,88.0,0.8995,0.0305,0.9005,24.4,0,0.0649,0.0342,RSU_02,93,83,BENIGN,0,0,0
1,79.0,89.0,0.9776,0.0249,0.9792,38.8,0,0.0593,0.0805,RSU_02,134,133,BENIGN,0,0,0
1,80.0,90.0,0.9215,0.018,0.9231,37.5,0,0.0599,0.0357,RSU_02,113,103,BENIGN,0,0,0
1,81.0,91.0,0.8229,0.0117,0.8248,46.6,0,0.0599,0.0483,RSU_02,71,56,BENIGN,0,0,0
1,82.0,92.0,0.9686,0.021,0.9703,41.2,0,0.0566,0.0252,RSU_02,94,92,BENIGN,0,0,0
1,83.0,93.0,0.7882,0.0391,0.7899,39.8,1,0.0194,0.0663,RSU_02,133,104,BENIGN,0,0,0
1,84.0,94.0,0.9061,0.0293,0.9074,32.5,0,0.0616,0.0975,RSU_02,107,97,BENIGN,0,0,0
1,85.0,95.0,0.9685,0.0048,0.9706,51.9,0,0.0262,0.0816,RSU_02,109,102,BENIGN,0,0,0
1,86.0,96.0,0.8514,0.0348,0.8529,37.2,0,0.0071,0.0777,RSU_02,134,109,BENIGN,0,0,0
1,87.0,97.0,0.9284,0.0214,0.93,39.7,0,0.0508,0.0196,RSU_02,71,63,BENIGN,0,0,0
1,88.0,98.0,0.9602,0.0267,0.9619,41.2,0,0.0348,0.0953,RSU_02,121,115,BENIGN,0,0,0
1,89.0,99.0,0.7911,0.029,0.7929,42.3,0,0.0097,0.0303,RSU_02,103,83,BENIGN,0,0,0
1,90.0,100.0,0.8597,0.0247,0.8622,58.1,0,0.0776,0.0728,RSU_02,142,124,BENIGN,0,0,0
1,91.0,101.0,0.92,0.0249,0.9219,46.0,0,0.0482,0.049,RSU_02,102,96,BENIGN,0,0,0
1,92.0,102.0,0.9491,0.0074,0.9509,43.9,0,0.0068,0.0436,RSU_02,115,104,BENIGN,0,0,0
1,93.0,103.0,0.8529,0.0373,0.8541,28.4,0,0.0738,0.0502,RSU_02,82,68,BENIGN,0,0,0
1,94.0,104.0,0.7825,0.0221,0.7836,25.3,0,0.0593,0.0485,RSU_02,58,44,BENIGN,0,0,0
1,95.0,105.0,0.8297,0.0193,0.8314,42.1,0,0.0343,0.0075,RSU_02,60,50,BENIGN,0,0,0
1,96.0,106.0,0.886,0.0307,0.8876,38.0,0,0.005,0.0577,RSU_02,61,55,BENIGN,0,0,0
1,97.0,107.0,0.8351,0.0169,0.8368,41.3,0,0.0032,0.0449,RSU_02,107,88,BENIGN,0,0,0
1,98.0,108.0,0.8024,0.0147,0.8035,27.1,0,0.008,0.0767,RSU_02,146,118,BENIGN,0,0,0
1,99.0,109.0,0.9125,0.0182,0.9147,54.7,0,0.0386,0.0758,RSU_02,78,72,BENIGN,0,0,0
1,100.0,110.0,0.882,0.0365,0.8839,46.1,0,0.0488,0.0546,RSU_02,74,64,BENIGN,0,0,0
1,101.0,111.0,0.8881,0.004,0.8902,49.4,0,0.0013,0.0964,RSU_02,87,76,BENIGN,0,0,0
1,102.0,112.0,0.9758,0.023,0.9773,36.0,0,0.0101,0.0582,RSU_02,126,123,BENIGN,0,0,0
1,103.0,113.0,0.9688,0.0249,0.9709,49.6,0,0.0105,0.031,RSU_02,70,67,BENIGN,0,0,0
1,104.0,114.0,0.8432,0.0074,0.845,43.5,0,0.0605,0.0474,RSU_02,72,61,BENIGN,0,0,0
1,105.0,115.0,0.8784,0.0059,0.88,38.4,0,0.0788,0.0209,RSU_02,63,55,BENIGN,0,0,0
1,106.0,116.0,0.8987,0.0008,0.9007,47.0,0,0.0028,0.0446,RSU_02,131,116,BENIGN,0,0,0
1,107.0,117.0,0.9542,0.0053,0.9562,48.8,0,0.0748,0.0751,RSU_02,144,137,BENIGN,0,0,0
1,108.0,118.0,0.8379,0.0133,0.8393,33.1,0,0.0561,0.0765,RSU_02,142,121,BENIGN,0,0,0
1,109.0,119.0,0.7934,0.0155,0.7953,46.7,0,0.0226,0.0304,RSU_02,148,116,BENIGN,0,0,0
1,110.0,120.0,0.8592,0.0321,0.8614,52.7,0,0.0348,0.087,RSU_02,68,60,BENIGN,0,0,0
1,111.0,121.0,0.9077,0.0178,0.9099,51.1,0,0.0594,0.0228,RSU_02,55,48,BENIGN,0,0,0
1,112.0,122.0,0.8545,0.016,0.8562,40.0,0,0.0046,0.0583,RSU_02,138,114,BENIGN,0,0,0
1,113.0,123.0,0.8681,0.028,0.8699,44.4,0,0.0329,0.0505,RSU_02,50,41,BENIGN,0,0,0
1,114.0,124.0,0.8573,0.0392,0.8594,50.5,1,0.0337,0.0502,RSU_02,140,122,BENIGN,0,0,0
1,115.0,125.0,0.9615,0.0183,0.9635,46.9,0,0.038,0.0386,RSU_02,146,143,BENIGN,0,0,0
1,116.0,126.0,0.8809,0.0028,0.8825,37.8,0,0.044,0.0417,RSU_02,137,121,BENIGN,0,0,0
1,117.0,127.0,0.7915,0.0389,0.7934,46.1,0,0.041,0.0291,RSU_02,96,75,BENIGN,0,0,0
1,118.0,128.0,0.8071,0.0119,0.8087,38.5,0,0.0624,0.0472,RSU_02,72,59,BENIGN,0,0,0
1,119.0,129.0,0.852,0.0395,0.8536,38.1,0,0.0388,0.0179,RSU_02,139,116,BENIGN,0,0,0
1,120.0,130.0,0.7905,0.0039,0.7929,56.4,0,0.0576,0.0282,RSU_02,68,53,BENIGN,0,0,0
1,121.0,131.0,0.9072,0.0171,0.9088,38.1,0,0.0022,0.0784,RSU_02,51,46,BENIGN,0,0,0
1,122.0,132.0,0.8925,0.0191,0.8943,45.1,0,0.0311,0.0887,RSU_02,139,124,BENIGN,0,0,0
1,123.0,133.0,0.982,0.0204,0.9841,50.7,0,0.0362,0.0279,RSU_02,145,139,BENIGN,0,0,0
1,124.0,134.0,0.8386,0.0162,0.8404,43.9,0,0.0799,0.0055,RSU_02,107,87,BENIGN,0,0,0
1,125.0,135.0,0.8465,0.0035,0.8484,45.9,0,0.0243,0.0967,RSU_02,144,116,BENIGN,0,0,0
1,126.0,136.0,0.7813,0.0324,0.7833,48.3,0,0.0759,0.0091,RSU_02,66,47,BENIGN,0,0,0
1,127.0,137.0,0.8341,0.018,0.8359,42.3,1,0.0554,0.0733,RSU_02,149,125,BENIGN,0,0,0
1,128.0,138.0,0.8652,0.0068,0.867,44.5,0,0.0782,0.0853,RSU_02,99,82,BENIGN,0,0,0
1,129.0,139.0,0.9259,0.0206,0.9272,30.9,0,0.0792,0.0611,RSU_02,87,81,BENIGN,0,0,0
1,130.0,140.0,0.8529,0.0173,0.8544,37.0,0,0.0625,0.0484,RSU_02,129,111,BENIGN,0,0,0
1,131.0,141.0,0.83,0.009,0.8312,27.2,0,0.0404,0.0261,RSU_02,50,43,BENIGN,0,0,0
1,132.0,142.0,0.9831,0.0228,0.9849,43.2,0,0.0691,0.0139,RSU_02,106,106,BENIGN,0,0,0
1,133.0,143.0,0.8581,0.0037,0.86,43.8,0,0.0366,0.0394,RSU_02,136,118,BENIGN,0,0,0
1,134.0,144.0,0.8731,0.0128,0.8751,48.0,0,0.0421,0.0688,RSU_02,77,66,BENIGN,0,0,0
1,135.0,145.0,0.8463,0.0196,0.848,40.9,0,0.0257,0.0192,RSU_02,80,66,BENIGN,0,0,0
1,136.0,146.0,0.9011,0.0393,0.9028,41.4,0,0.0193,0.0681,RSU_02,121,109,BENIGN,0,0,0
1,137.0,147.0,0.7935,0.0238,0.7949,35.7,0,0.0592,0.0211,RSU_02,134,106,BENIGN,0,0,0
1,138.0,148.0,0.9802,0.0029,0.9814,30.1,0,0.0159,0.0348,RSU_02,112,109,BENIGN,0,0,0
1,139.0,149.0,0.8301,0.0085,0.8315,33.5,0,0.0329,0.0704,RSU_02,71,59,BENIGN,0,0,0
1,140.0,150.0,0.9805,0.032,0.9818,31.5,0,0.0193,0.0068,RSU_02,81,76,BENIGN,0,0,0
1,141.0,151.0,0.9602,0.0338,0.962,42.3,0,0.0288,0.0687,RSU_02,81,74,BENIGN,0,0,0
1,142.0,152.0,0.8659,0.0132,0.8677,43.2,1,0.0555,0.0766,RSU_02,80,68,BENIGN,0,0,0
1,143.0,153.0,0.9327,0.0277,0.9342,37.2,0,0.079,0.0225,RSU_02,116,109,BENIGN,0,0,0
1,144.0,154.0,0.9379,0.0227,0.9399,48.0,0,0.022,0.0474,RSU_02,83,78,BENIGN,0,0,0
1,145.0,155.0,0.9127,0.0207,0.9147,49.5,0,0.0041,0.0233,RSU_02,99,90,BENIGN,0,0,0
1,146.0,156.0,0.8478,0.0103,0.8492,34.4,0,0.0371,0.0133,RSU_02,142,119,BENIGN,0,0,0
1,147.0,157.0,0.9429,0.0323,0.9448,45.2,0,0.0614,0.0114,RSU_02,114,108,BENIGN,0,0,0
1,148.0,158.0,0.8763,0.0211,0.8781,44.1,0,0.0028,0.0639,RSU_02,58,53,BENIGN,0,0,0
1,149.0,159.0,0.808,0.0277,0.8092,28.0,0,0.0636,0.0163,RSU_02,60,47,BENIGN,0,0,0
1,150.0,160.0,0.9164,0.0347,0.9174,23.0,0,0.0663,0.0626,RSU_02,57,56,BENIGN,0,0,0
1,151.0,161.0,0.8609,0.0377,0.8624,37.1,0,0.0488,0.0835,RSU_02,121,103,BENIGN,0,0,0
1,152.0,162.0,0.9142,0.0136,0.9161,44.5,0,0.0798,0.0264,RSU_02,77,69,BENIGN,0,0,0
1,153.0,163.0,0.9846,0.039,0.9867,50.6,0,0.0052,0.0822,RSU_02,114,114,BENIGN,0,0,0
1,154.0,164.0,0.9863,0.0365,0.9878,34.9,0,0.0351,0.004,RSU_02,86,85,BENIGN,0,0,0
1,155.0,165.0,0.7916,0.0171,0.7935,46.3,0,0.0375,0.0929,RSU_02,114,91,BENIGN,0,0,0
1,156.0,166.0,0.9842,0.0144,0.9861,44.0,0,0.0382,0.0355,RSU_02,118,112,BENIGN,0,0,0
1,157.0,167.0,0.8463,0.005,0.8485,52.0,0,0.0524,0.004,RSU_02,109,94,BENIGN,0,0,0
1,158.0,168.0,0.9209,0.0329,0.922,27.7,0,0.0196,0.0421,RSU_02,133,118,BENIGN,0,0,0
1,159.0,169.0,0.8204,0.0041,0.8221,39.2,0,0.0729,0.0821,RSU_02,126,104,BENIGN,0,0,0
1,160.0,170.0,0.7992,0.0303,0.8003,26.4,0,0.0466,0.0187,RSU_02,68,52,BENIGN,0,0,0
1,161.0,171.0,0.7903,0.0229,0.7924,51.1,1,0.0656,0.0327,RSU_02,84,66,BENIGN,0,0,0
1,162.0,172.0,0.9344,0.025,0.9356,29.5,1,0.0465,0.0742,RSU_02,117,110,BENIGN,0,0,0
1,163.0,173.0,0.8073,0.027,0.8088,37.3,0,0.0687,0.0963,RSU_02,112,88,BENIGN,0,0,0
1,164.0,174.0,0.9441,0.0281,0.946,44.5,0,0.0668,0.0056,RSU_02,124,119,BENIGN,0,0,0
1,165.0,175.0,0.846,0.0383,0.8476,38.2,0,0.0027,0.058,RSU_02,66,57,BENIGN,0,0,0
1,166.0,176.0,0.8838,0.0366,0.8853,35.2,0,0.0169,0.0144,RSU_02,125,111,BENIGN,0,0,0
1,167.0,177.0,0.9156,0.0093,0.9177,49.0,0,0.0125,0.0683,RSU_02,109,99,BENIGN,0,0,0
1,168.0,178.0,0.8651,0.0394,0.8666,35.5,0,0.0234,0.0295,RSU_02,85,75,BENIGN,0,0,0
1,169.0,179.0,0.8358,0.0358,0.837,29.3,0,0.0083,0.0657,RSU_02,140,117,BENIGN,0,0,0
1,170.0,180.0,0.8433,0.0075,0.8453,47.2,0,0.0243,0.0093,RSU_02,64,53,BENIGN,0,0,0
1,171.0,181.0,0.8097,0.0052,0.8114,40.5,0,0.0515,0.0197,RSU_02,59,45,BENIGN,0,0,0
1,172.0,182.0,0.8928,0.0271,0.8944,38.0,0,0.0546,0.0629,RSU_02,76,70,BENIGN,0,0,0
1,173.0,183.0,0.8996,0.0333,0.9013,41.5,0,0.0793,0.0164,RSU_02,119,105,BENIGN,0,0,0
1,174.0,184.0,0.9439,0.0364,0.9459,47.9,0,0.0306,0.0631,RSU_02,93,86,BENIGN,0,0,0
1,175.0,185.0,0.9766,0.0376,0.9777,27.4,0,0.014,0.0875,RSU_02,123,118,BENIGN,0,0,0
1,176.0,186.0,0.9716,0.0253,0.9733,41.1,0,0.0577,0.0257,RSU_02,121,117,BENIGN,0,0,0
1,177.0,187.0,0.8107,0.0329,0.8124,41.3,0,0.0188,0.0652,RSU_02,90,72,BENIGN,0,0,0
1,178.0,188.0,0.971,0.0108,0.9725,34.8,1,0.0656,0.0999,RSU_02,71,69,BENIGN,0,0,0
1,179.0,189.0,0.9723,0.0201,0.9744,48.8,0,0.0636,0.0136,RSU_02,147,140,BENIGN,0,0,0
1,180.0,190.0,0.9514,0.0151,0.9529,37.2,0,0.0071,0.0342,RSU_02,148,140,BENIGN,0,0,0
1,181.0,191.0,0.9871,0.0328,0.9885,32.5,0,0.0225,0.007,RSU_02,55,55,BENIGN,0,0,0
1,182.0,192.0,0.8843,0.0337,0.8861,43.6,0,0.0357,0.0709,RSU_02,123,106,BENIGN,0,0,0
1,183.0,193.0,0.7948,0.0145,0.7964,38.3,0,0.0428,0.0996,RSU_02,97,74,BENIGN,0,0,0
1,184.0,194.0,0.905,0.0355,0.9067,39.7,0,0.0329,0.0604,RSU_02,113,104,BENIGN,0,0,0
1,185.0,195.0,0.7835,0.0349,0.7849,33.2,0,0.0189,0.0212,RSU_02,123,95,BENIGN,0,0,0
1,186.0,196.0,0.9815,0.0341,0.9833,42.5,0,0.0691,0.0407,RSU_02,126,119,BENIGN,0,0,0
1,187.0,197.0,0.8888,0.0003,0.8905,42.4,0,0.0338,0.0718,RSU_02,94,82,BENIGN,0,0,0
1,188.0,198.0,0.9036,0.0084,0.905,34.8,0,0.0189,0.0628,RSU_02,132,120,BENIGN,0,0,0
1,189.0,199.0,0.9205,0.0179,0.9218,29.6,0,0.039,0.0204,RSU_02,112,102,BENIGN,0,0,0
1,190.0,200.0,0.9725,0.032,0.9736,25.8,0,0.0361,0.0719,RSU_02,108,99,BENIGN,0,0,0
1,191.0,201.0,0.8316,0.0366,0.8329,30.8,0,0.0268,0.0952,RSU_02,103,85,BENIGN,0,0,0
1,192.0,202.0,0.8589,0.004,0.8609,47.6,0,0.0498,0.0447,RSU_02,127,113,BENIGN,0,0,0
1,193.0,203.0,0.9746,0.0284,0.9761,37.4,0,0.0335,0.0517,RSU_02,58,55,BENIGN,0,0,0
1,194.0,204.0,0.9828,0.007,0.9848,47.2,0,0.0518,0.0245,RSU_02,121,115,BENIGN,0,0,0
1,195.0,205.0,0.9674,0.0031,0.9694,47.5,0,0.0265,0.0248,RSU_02,148,145,BENIGN,0,0,0
1,196.0,206.0,0.8245,0.0096,0.8268,53.7,0,0.0225,0.0411,RSU_02,73,58,BENIGN,0,0,0
1,197.0,207.0,0.7815,0.0272,0.7832,41.3,0,0.066,0.0147,RSU_02,65,51,BENIGN,0,0,0
1,198.0,208.0,0.9107,0.0124,0.9127,46.0,1,0.0295,0.077,RSU_02,131,121,BENIGN,0,0,0
1,199.0,209.0,0.9421,0.0194,0.944,46.6,0,0.0718,0.0908,RSU_02,58,54,BENIGN,0,0,0
1,200.0,210.0,0.9585,0.0116,0.9601,37.1,0,0.0762,0.005,RSU_02,64,62,BENIGN,0,0,0
1,201.0,211.0,0.7836,0.0384,0.7861,61.0,0,0.0036,0.0143,RSU_02,51,42,BENIGN,0,0,0
1,202.0,212.0,0.9528,0.0005,0.9547,47.7,0,0.0434,0.046,RSU_02,99,94,BENIGN,0,0,0
1,203.0,213.0,0.9407,0.0194,0.9425,43.6,0,0.012,0.0648,RSU_02,67,62,BENIGN,0,0,0
1,204.0,214.0,0.9821,0.0207,0.9839,44.3,0,0.0058,0.0627,RSU_02,75,75,BENIGN,0,0,0
1,205.0,215.0,0.8854,0.0182,0.8873,46.1,0,0.0603,0.0132,RSU_02,104,93,BENIGN,0,0,0
1,206.0,216.0,0.9592,0.0342,0.9606,35.0,0,0.0079,0.0091,RSU_02,76,73,BENIGN,0,0,0
1,207.0,217.0,0.8548,0.0316,0.8563,37.7,0,0.0187,0.0639,RSU_02,73,62,BENIGN,0,0,0
1,208.0,218.0,0.962,0.0237,0.964,47.3,0,0.0102,0.0428,RSU_02,66,64,BENIGN,0,0,0
1,209.0,219.0,0.8863,0.0326,0.8884,50.2,0,0.0749,0.0514,RSU_02,145,130,BENIGN,0,0,0
1,210.0,220.0,0.8835,0.0189,0.8845,23.4,0,0.0392,0.0847,RSU_02,133,119,BENIGN,0,0,0
1,211.0,221.0,0.9003,0.0095,0.9015,28.4,0,0.0635,0.0486,RSU_02,83,72,BENIGN,0,0,0
1,212.0,222.0,0.8441,0.0068,0.8457,39.8,0,0.0369,0.0307,RSU_02,53,43,BENIGN,0,0,0
1,213.0,223.0,0.8549,0.0179,0.8568,45.8,0,0.0772,0.0377,RSU_02,75,60,BENIGN,0,0,0
1,214.0,224.0,0.8233,0.0284,0.8249,39.8,0,0.0017,0.0419,RSU_02,127,101,BENIGN,0,0,0
1,215.0,225.0,0.9358,0.0021,0.9378,48.0,0,0.0682,0.0198,RSU_02,137,124,BENIGN,0,0,0
1,216.0,226.0,0.9702,0.0051,0.9724,52.5,0,0.0143,0.0493,RSU_02,58,54,BENIGN,0,0,0
1,217.0,227.0,0.8944,0.0108,0.8961,41.4,0,0.0562,0.0659,RSU_02,148,132,BENIGN,0,0,0
1,218.0,228.0,0.8039,0.0002,0.8059,48.9,0,0.08,0.0802,RSU_02,128,100,BENIGN,0,0,0
1,219.0,229.0,0.8398,0.015,0.8409,26.6,0,0.0605,0.054,RSU_02,57,48,BENIGN,0,0,0
1,220.0,230.0,0.9484,0.0187,0.9504,47.4,0,0.0289,0.0108,RSU_02,137,129,BENIGN,0,0,0
1,221.0,231.0,0.8823,0.025,0.8839,37.4,0,0.0757,0.058,RSU_02,104,92,BENIGN,0,0,0
1,222.0,232.0,0.9556,0.0062,0.9576,48.9,0,0.0241,0.0249,RSU_02,87,85,BENIGN,0,0,0
1,223.0,233.0,0.9872,0.0022,0.9889,41.3,0,0.0114,0.0053,RSU_02,112,107,BENIGN,0,0,0
1,224.0,234.0,0.8159,0.0079,0.8186,66.6,0,0.0255,0.0593,RSU_02,71,60,BENIGN,0,0,0
1,225.0,235.0,0.8106,0.0279,0.8121,36.5,0,0.0514,0.0783,RSU_02,143,117,BENIGN,0,0,0
1,226.0,236.0,0.9569,0.0084,0.9583,35.1,0,0.0058,0.0703,RSU_02,90,87,BENIGN,0,0,0
1,227.0,237.0,0.979,0.0103,0.9809,43.8,0,0.027,0.0402,RSU_02,55,55,BENIGN,0,0,0
1,228.0,238.0,0.8536,0.0309,0.855,33.4,0,0.0643,0.0153,RSU_02,86,73,BENIGN,0,0,0
1,229.0,239.0,0.9285,0.0076,0.9299,33.7,0,0.0293,0.0106,RSU_02,112,103,BENIGN,0,0,0
1,230.0,240.0,0.9714,0.0222,0.973,37.8,0,0.014,0.0379,RSU_02,134,132,BENIGN,0,0,0
1,231.0,241.0,0.9677,0.0368,0.9699,52.7,0,0.0076,0.0544,RSU_02,124,122,BENIGN,0,0,0
1,232.0,242.0,0.9475,0.0288,0.9494,46.6,0,0.0069,0.0464,RSU_02,67,66,BENIGN,0,0,0
1,233.0,243.0,0.9193,0.0335,0.9214,50.7,0,0.0172,0.012,RSU_02,135,119,BENIGN,0,0,0
1,234.0,244.0,0.8004,0.0121,0.8022,42.0,0,0.0511,0.035,RSU_02,142,116,BENIGN,0,0,0
1,235.0,245.0,0.9171,0.0102,0.9188,42.6,0,0.0292,0.0844,RSU_02,69,61,BENIGN,0,0,0
1,236.0,246.0,0.9299,0.0083,0.9317,43.9,0,0.0455,0.0868,RSU_02,93,88,BENIGN,0,0,0
1,237.0,247.0,0.8618,0.0381,0.8635,41.5,0,0.0256,0.0868,RSU_02,138,119,BENIGN,0,0,0
1,238.0,248.0,0.8454,0.0313,0.8469,36.7,0,0.0354,0.0485,RSU_02,127,106,BENIGN,0,0,0
1,239.0,249.0,0.8571,0.021,0.8586,33.9,0,0.0647,0.0362,RSU_02,102,83,BENIGN,0,0,0
1,240.0,250.0,0.976,0.0289,0.9774,32.4,0,0.0462,0.0648,RSU_02,52,52,BENIGN,0,0,0
1,241.0,251.0,0.8555,0.0033,0.8573,43.5,0,0.0155,0.0951,RSU_02,90,81,BENIGN,0,0,0
1,242.0,252.0,0.9306,0.0215,0.9321,36.7,1,0.0407,0.0243,RSU_02,124,115,BENIGN,0,0,0
1,243.0,253.0,0.8401,0.0099,0.8417,38.5,0,0.0516,0.0651,RSU_02,132,109,BENIGN,0,0,0
1,244.0,254.0,0.9858,0.0239,0.9873,36.1,0,0.0568,0.0007,RSU_02,101,99,BENIGN,0,0,0
1,245.0,255.0,0.9834,0.0216,0.9851,42.5,0,0.0367,0.0945,RSU_02,117,114,BENIGN,0,0,0
1,246.0,256.0,0.8787,0.0182,0.8804,41.5,0,0.0466,0.0357,RSU_02,66,56,BENIGN,0,0,0
1,247.0,257.0,0.8511,0.0374,0.8532,52.2,0,0.073,0.0209,RSU_02,53,45,BENIGN,0,0,0
1,248.0,258.0,0.9669,0.024,0.9689,47.8,0,0.0424,0.0028,RSU_02,74,72,BENIGN,0,0,0
1,249.0,259.0,0.936,0.0112,0.9384,59.4,0,0.0452,0.0088,RSU_02,91,83,BENIGN,0,0,0
1,250.0,260.0,0.8384,0.0199,0.8404,48.6,0,0.0264,0.0441,RSU_02,135,115,BENIGN,0,0,0
1,251.0,261.0,0.9634,0.0024,0.9654,47.8,0,0.0711,0.0329,RSU_02,81,78,BENIGN,0,0,0
1,252.0,262.0,0.854,0.0343,0.856,47.6,1,0.0317,0.0199,RSU_02,92,78,BENIGN,0,0,0
1,253.0,263.0,0.8861,0.0395,0.8881,47.9,0,0.0372,0.0058,RSU_02,76,66,BENIGN,0,0,0
1,254.0,264.0,0.941,0.0107,0.9424,32.5,0,0.0473,0.0721,RSU_02,144,135,BENIGN,0,0,0
1,255.0,265.0,0.8981,0.0221,0.8998,42.3,0,0.0092,0.0126,RSU_02,102,93,BENIGN,0,0,0
1,256.0,266.0,0.8817,0.0025,0.8838,49.6,0,0.0441,0.0841,RSU_02,149,136,BENIGN,0,0,0
1,257.0,267.0,0.8202,0.0246,0.8213,27.4,0,0.0325,0.0041,RSU_02,84,67,BENIGN,0,0,0
1,258.0,268.0,0.8363,0.0325,0.8383,49.0,0,0.0044,0.0538,RSU_02,57,45,BENIGN,0,0,0
1,259.0,269.0,0.9835,0.0286,0.9856,50.2,0,0.074,0.0517,RSU_02,61,60,BENIGN,0,0,0
1,260.0,270.0,0.8813,0.0249,0.8827,33.3,0,0.0008,0.0195,RSU_02,99,87,BENIGN,0,0,0
1,261.0,271.0,0.9301,0.0242,0.9318,40.9,0,0.0239,0.0411,RSU_02,71,67,BENIGN,0,0,0
1,262.0,272.0,0.9439,0.008,0.9456,39.9,0,0.0064,0.0474,RSU_02,50,47,BENIGN,0,0,0
1,263.0,273.0,0.9235,0.0021,0.9253,43.1,0,0.0626,0.0846,RSU_02,129,119,BENIGN,0,0,0
1,264.0,274.0,0.9327,0.0392,0.9339,29.3,0,0.0125,0.0226,RSU_02,71,66,BENIGN,0,0,0
1,265.0,275.0,0.9897,0.001,0.9913,37.3,0,0.0668,0.0365,RSU_02,134,133,BENIGN,0,0,0
1,266.0,276.0,0.7819,0.003,0.784,49.2,0,0.02,0.0669,RSU_02,138,108,BENIGN,0,0,0
1,267.0,277.0,0.949,0.0387,0.9515,60.1,0,0.0215,0.0495,RSU_02,58,53,BENIGN,0,0,0
1,268.0,278.0,0.8728,0.0134,0.8746,43.0,0,0.0417,0.0586,RSU_02,50,49,BENIGN,0,0,0
1,269.0,279.0,0.7911,0.0302,0.7931,48.3,0,0.0764,0.024,RSU_02,82,66,BENIGN,0,0,0
1,270.0,280.0,0.8548,0.0279,0.8567,44.4,0,0.0448,0.0386,RSU_02,92,76,BENIGN,0,0,0
1,271.0,281.0,0.9651,0.0031,0.9668,40.9,0,0.0565,0.092,RSU_02,77,74,BENIGN,0,0,0
1,272.0,282.0,0.9778,0.0296,0.9799,50.3,0,0.0069,0.0669,RSU_02,91,85,BENIGN,0,0,0
1,273.0,283.0,0.946,0.0182,0.9475,36.9,0,0.0241,0.0384,RSU_02,135,127,BENIGN,0,0,0
1,274.0,284.0,0.8329,0.0368,0.8344,35.2,0,0.0465,0.0533,RSU_02,109,92,BENIGN,0,0,0
1,275.0,285.0,0.8045,0.0052,0.8067,51.2,0,0.0429,0.0937,RSU_02,80,63,BENIGN,0,0,0
1,276.0,286.0,0.7876,0.0041,0.7895,44.8,0,0.0583,0.02,RSU_02,87,69,BENIGN,0,0,0
1,277.0,287.0,0.8653,0.0194,0.8677,56.2,0,0.0433,0.0818,RSU_02,67,58,BENIGN,0,0,0
1,278.0,288.0,0.9269,0.0165,0.9288,46.7,0,0.0111,0.0666,RSU_02,102,96,BENIGN,0,0,0
1,279.0,289.0,0.9033,0.0034,0.9046,30.8,0,0.036,0.0756,RSU_02,129,118,BENIGN,0,0,0
1,280.0,290.0,0.8662,0.0359,0.8683,49.7,0,0.0717,0.0686,RSU_02,135,116,BENIGN,0,0,0
1,281.0,291.0,0.8678,0.01,0.8692,34.2,0,0.0256,0.0135,RSU_02,79,67,BENIGN,0,0,0
1,282.0,292.0,0.9368,0.0357,0.938,28.9,0,0.0605,0.0332,RSU_02,124,120,BENIGN,0,0,0
1,283.0,293.0,0.7933,0.0053,0.7954,50.7,0,0.0687,0.0634,RSU_02,75,58,BENIGN,0,0,0
1,284.0,294.0,0.829,0.0346,0.8311,52.3,0,0.0247,0.0694,RSU_02,51,47,BENIGN,0,0,0
1,285.0,295.0,0.7953,0.0316,0.7965,30.2,0,0.0174,0.0677,RSU_02,130,100,BENIGN,0,0,0
1,286.0,296.0,0.8547,0.0324,0.8569,54.9,0,0.0236,0.0571,RSU_02,124,106,BENIGN,0,0,0
1,287.0,297.0,0.9518,0.0372,0.953,30.0,0,0.0436,0.0661,RSU_02,140,131,BENIGN,0,0,0
1,288.0,298.0,0.953,0.0343,0.9547,40.3,0,0.0332,0.0089,RSU_02,93,88,BENIGN,0,0,0
1,289.0,299.0,0.7959,0.0331,0.7974,35.9,0,0.0342,0.0596,RSU_02,58,44,BENIGN,0,0,0
1,290.0,300.0,0.9495,0.0184,0.9511,36.7,0,0.0179,0.0933,RSU_02,84,79,BENIGN,0,0,0
1,291.0,301.0,0.7808,0.0095,0.7826,43.7,0,0.0751,0.0171,RSU_02,61,45,BENIGN,0,0,0
1,292.0,302.0,0.9889,0.0272,0.991,50.6,0,0.0059,0.0993,RSU_02,90,89,BENIGN,0,0,0
1,293.0,303.0,0.7982,0.0001,0.8001,45.7,0,0.036,0.0837,RSU_02,107,81,BENIGN,0,0,0
1,294.0,304.0,0.8399,0.0317,0.8414,35.8,0,0.0725,0.0975,RSU_02,73,60,BENIGN,0,0,0
1,295.0,305.0,0.9627,0.0254,0.9643,39.2,0,0.0132,0.043,RSU_02,78,76,BENIGN,0,0,0
1,296.0,306.0,0.7915,0.0142,0.7931,39.3,0,0.0386,0.0503,RSU_02,81,67,BENIGN,0,0,0
1,297.0,307.0,0.9491,0.034,0.951,46.8,0,0.044,0.0826,RSU_02,80,76,BENIGN,0,0,0
1,298.0,308.0,0.84,0.0385,0.8412,28.9,0,0.025,0.0098,RSU_02,102,83,BENIGN,0,0,0
1,299.0,309.0,0.9479,0.0296,0.9496,40.4,0,0.0341,0.0334,RSU_02,81,73,BENIGN,0,0,0
1,300.0,310.0,0.9758,0.0344,0.9772,33.2,0,0.0568,0.0482,RSU_02,102,99,BENIGN,0,0,0
1,301.0,311.0,0.8248,0.027,0.8268,46.8,0,0.0324,0.0932,RSU_02,58,46,BENIGN,0,0,0
1,302.0,312.0,0.8129,0.0147,0.8149,48.7,0,0.0495,0.0159,RSU_02,146,118,BENIGN,0,0,0
1,303.0,313.0,0.7951,0.0091,0.7964,31.3,0,0.0745,0.0908,RSU_02,128,97,BENIGN,0,0,0
1,304.0,314.0,0.9131,0.0029,0.9144,30.6,0,0.0727,0.0958,RSU_02,57,53,BENIGN,0,0,0
1,305.0,315.0,0.8177,0.0231,0.8188,26.8,0,0.0766,0.0503,RSU_02,58,48,BENIGN,0,0,0
1,306.0,316.0,0.8713,0.0077,0.8725,29.7,0,0.0153,0.0769,RSU_02,76,68,BENIGN,0,0,0
1,307.0,317.0,0.8778,0.0377,0.8793,36.3,0,0.0745,0.0207,RSU_02,85,75,BENIGN,0,0,0
1,308.0,318.0,0.9692,0.0372,0.9709,42.2,0,0.0307,0.0492,RSU_02,139,132,BENIGN,0,0,0
1,309.0,319.0,0.8219,0.0015,0.8234,35.8,0,0.0515,0.0263,RSU_02,55,41,BENIGN,0,0,0
1,310.0,320.0,0.8814,0.0166,0.8834,47.4,0,0.0782,0.0201,RSU_02,71,61,BENIGN,0,0,0
1,311.0,321.0,0.9713,0.0246,0.9727,35.1,0,0.033,0.0934,RSU_02,54,51,BENIGN,0,0,0
1,312.0,322.0,0.7883,0.0161,0.7902,44.5,0,0.0519,0.0698,RSU_02,113,86,BENIGN,0,0,0
1,313.0,323.0,0.807,0.0379,0.8086,36.9,0,0.038,0.0317,RSU_02,126,101,BENIGN,0,0,0
1,314.0,324.0,0.9621,0.0269,0.9632,26.2,0,0.0038,0.0566,RSU_02,126,121,BENIGN,0,0,0
1,315.0,325.0,0.7842,0.0301,0.7858,38.9,0,0.0379,0.0447,RSU_02,50,38,BENIGN,0,0,0
1,316.0,326.0,0.9222,0.0281,0.9238,38.1,0,0.0765,0.0531,RSU_02,89,84,BENIGN,0,0,0
1,317.0,327.0,0.8066,0.0337,0.8083,43.0,0,0.029,0.066,RSU_02,97,79,BENIGN,0,0,0
1,318.0,328.0,0.8668,0.0219,0.8687,45.4,0,0.0349,0.0749,RSU_02,132,111,BENIGN,0,0,0
1,319.0,329.0,0.9553,0.0337,0.9571,43.3,0,0.0243,0.0429,RSU_02,97,89,BENIGN,0,0,0
1,320.0,330.0,0.9017,0.0267,0.9034,40.1,0,0.0729,0.0346,RSU_02,112,100,BENIGN,0,0,0
1,321.0,331.0,0.8591,0.0213,0.861,46.0,0,0.0,0.0241,RSU_02,70,61,BENIGN,0,0,0
1,322.0,332.0,0.8202,0.0202,0.8222,48.0,0,0.0693,0.0241,RSU_02,57,45,BENIGN,0,0,0
1,323.0,333.0,0.9515,0.0384,0.9537,52.3,0,0.0634,0.0604,RSU_02,99,92,BENIGN,0,0,0
1,324.0,334.0,0.8397,0.0234,0.8411,33.5,0,0.0469,0.0446,RSU_02,133,110,BENIGN,0,0,0
1,325.0,335.0,0.9194,0.0314,0.921,39.0,0,0.0316,0.0646,RSU_02,65,56,BENIGN,0,0,0
1,326.0,336.0,0.7843,0.0082,0.786,40.6,0,0.039,0.0878,RSU_02,102,81,BENIGN,0,0,0
1,327.0,337.0,0.8051,0.0321,0.8069,41.7,0,0.0198,0.09,RSU_02,141,115,BENIGN,0,0,0
1,328.0,338.0,0.9435,0.0052,0.9452,42.2,0,0.0481,0.0034,RSU_02,99,94,BENIGN,0,0,0
1,329.0,339.0,0.8708,0.0249,0.8724,39.2,0,0.006,0.0504,RSU_02,68,58,BENIGN,0,0,0
1,330.0,340.0,0.935,0.0134,0.9374,57.1,0,0.0612,0.0433,RSU_02,98,93,BENIGN,0,0,0
1,331.0,341.0,0.798,0.0036,0.8002,51.4,0,0.0739,0.0689,RSU_02,62,52,BENIGN,0,0,0
1,332.0,342.0,0.7892,0.0095,0.7913,50.9,0,0.0712,0.0009,RSU_02,70,51,BENIGN,0,0,0
1,333.0,343.0,0.7941,0.0011,0.7959,42.8,0,0.0196,0.0881,RSU_02,91,73,BENIGN,0,0,0
1,334.0,344.0,0.8202,0.0207,0.8221,45.3,0,0.0726,0.0804,RSU_02,56,46,BENIGN,0,0,0
1,335.0,345.0,0.8057,0.0214,0.8077,47.2,0,0.0704,0.041,RSU_02,98,82,BENIGN,0,0,0
1,336.0,346.0,0.9785,0.0113,0.9802,40.6,0,0.0369,0.0671,RSU_02,66,63,BENIGN,0,0,0
1,337.0,347.0,0.9115,0.0268,0.9138,55.7,0,0.0101,0.0946,RSU_02,63,57,BENIGN,0,0,0
1,338.0,348.0,0.9312,0.0302,0.9327,36.0,0,0.0175,0.0443,RSU_02,111,105,BENIGN,0,0,0
1,339.0,349.0,0.9669,0.0108,0.9686,39.2,0,0.0658,0.0518,RSU_02,96,93,BENIGN,0,0,0
1,340.0,350.0,0.8663,0.0252,0.8683,48.0,0,0.0559,0.0711,RSU_02,55,44,BENIGN,0,0,0
1,341.0,351.0,0.8308,0.0193,0.8325,40.9,0,0.0709,0.0378,RSU_02,124,105,BENIGN,0,0,0
1,342.0,352.0,0.9418,0.0084,0.9435,41.5,0,0.0401,0.0234,RSU_02,90,82,BENIGN,0,0,0
1,343.0,353.0,0.9737,0.0237,0.9756,47.5,0,0.0304,0.0502,RSU_02,110,108,BENIGN,0,0,0
1,344.0,354.0,0.817,0.0325,0.8186,36.8,0,0.0433,0.0131,RSU_02,126,108,BENIGN,0,0,0
1,345.0,355.0,0.8036,0.0374,0.8051,34.3,0,0.0147,0.0253,RSU_02,90,71,BENIGN,0,0,0
1,346.0,356.0,0.8159,0.0107,0.818,52.0,0,0.0407,0.0147,RSU_02,111,89,BENIGN,0,0,0
1,347.0,357.0,0.9716,0.0378,0.9739,55.6,0,0.0196,0.0132,RSU_02,80,78,BENIGN,0,0,0
1,348.0,358.0,0.8729,0.0018,0.8746,41.1,1,0.0435,0.0339,RSU_02,97,85,BENIGN,0,0,0
1,349.0,359.0,0.8712,0.0328,0.8732,49.7,0,0.0724,0.012,RSU_02,103,90,BENIGN,0,0,0
1,350.0,360.0,0.9506,0.0341,0.9526,48.8,0,0.0731,0.0265,RSU_02,140,133,BENIGN,0,0,0
1,351.0,361.0,0.7892,0.0288,0.7911,46.4,0,0.0356,0.0256,RSU_02,69,50,BENIGN,0,0,0
1,352.0,362.0,0.8545,0.0128,0.8561,38.4,0,0.0771,0.0642,RSU_02,52,42,BENIGN,0,0,0
1,353.0,363.0,0.7999,0.0303,0.8019,50.1,0,0.0485,0.057,RSU_02,55,43,BENIGN,0,0,0
1,354.0,364.0,0.8859,0.0218,0.8877,44.6,0,0.0227,0.0948,RSU_02,134,116,BENIGN,0,0,0
1,355.0,365.0,0.8835,0.0064,0.8851,38.9,0,0.0783,0.0159,RSU_02,98,86,BENIGN,0,0,0
1,356.0,366.0,0.8704,0.011,0.8726,53.1,0,0.071,0.0041,RSU_02,141,120,BENIGN,0,0,0
1,357.0,367.0,0.7866,0.0387,0.7881,37.8,0,0.0421,0.0303,RSU_02,86,69,BENIGN,0,0,0
1,358.0,368.0,0.9793,0.0098,0.9811,42.8,0,0.0426,0.0482,RSU_02,120,116,BENIGN,0,0,0
1,359.0,369.0,0.9004,0.0086,0.9024,47.5,0,0.0689,0.0942,RSU_02,101,89,BENIGN,0,0,0
1,360.0,370.0,0.8364,0.0262,0.8377,32.1,1,0.0427,0.0944,RSU_02,89,73,BENIGN,0,0,0
1,361.0,371.0,0.8362,0.0182,0.8379,41.1,0,0.0377,0.0707,RSU_02,144,124,BENIGN,0,0,0
1,362.0,372.0,0.8943,0.0067,0.896,39.7,0,0.0608,0.0985,RSU_02,144,128,BENIGN,0,0,0
1,363.0,373.0,0.8753,0.0216,0.8772,44.3,0,0.068,0.048,RSU_02,87,75,BENIGN,0,0,0
1,364.0,374.0,0.9692,0.027,0.9718,63.6,0,0.0507,0.0099,RSU_02,110,106,BENIGN,0,0,0
1,365.0,375.0,0.7987,0.0172,0.7997,22.5,0,0.014,0.0987,RSU_02,106,86,BENIGN,0,0,0
1,366.0,376.0,0.9849,0.0115,0.9863,33.0,0,0.0339,0.065,RSU_02,52,52,BENIGN,0,0,0
1,367.0,377.0,0.7929,0.0065,0.7947,43.2,0,0.0716,0.0686,RSU_02,74,61,BENIGN,0,0,0
1,368.0,378.0,0.8649,0.0145,0.8668,43.4,0,0.0173,0.067,RSU_02,147,126,BENIGN,0,0,0
1,369.0,379.0,0.8738,0.0102,0.8757,44.8,0,0.066,0.0485,RSU_02,104,88,BENIGN,0,0,0
1,370.0,380.0,0.93,0.0078,0.9314,34.6,0,0.0552,0.039,RSU_02,91,83,BENIGN,0,0,0
1,371.0,381.0,0.845,0.0265,0.846,24.1,0,0.0533,0.0286,RSU_02,96,80,BENIGN,0,0,0
1,372.0,382.0,0.9683,0.0084,0.9699,37.4,1,0.0182,0.028,RSU_02,62,58,BENIGN,0,0,0
1,373.0,383.0,0.9154,0.0136,0.9169,36.9,0,0.0566,0.0557,RSU_02,75,69,BENIGN,0,0,0
1,374.0,384.0,0.8718,0.0107,0.8733,35.4,0,0.0483,0.0871,RSU_02,149,130,BENIGN,0,0,0
1,375.0,385.0,0.834,0.0192,0.8352,30.1,0,0.0294,0.0914,RSU_02,86,75,BENIGN,0,0,0
1,376.0,386.0,0.9167,0.0246,0.9179,30.7,0,0.0267,0.0818,RSU_02,53,45,BENIGN,0,0,0
1,377.0,387.0,0.8844,0.0267,0.8862,42.2,0,0.001,0.0872,RSU_02,94,85,BENIGN,0,0,0
1,378.0,388.0,0.8842,0.0161,0.8857,34.8,0,0.0543,0.0421,RSU_02,146,128,BENIGN,0,0,0
1,379.0,389.0,0.8634,0.0135,0.8656,52.0,0,0.0456,0.0861,RSU_02,57,50,BENIGN,0,0,0
1,380.0,390.0,0.9549,0.005,0.9569,47.1,0,0.0104,0.0557,RSU_02,144,135,BENIGN,0,0,0
1,381.0,391.0,0.9754,0.0335,0.9766,27.9,0,0.0796,0.0023,RSU_02,61,57,BENIGN,0,0,0
1,382.0,392.0,0.8302,0.0315,0.8324,51.4,0,0.0045,0.0369,RSU_02,100,83,BENIGN,0,0,0
1,383.0,393.0,0.9087,0.0234,0.911,55.3,0,0.0438,0.064,RSU_02,75,69,BENIGN,0,0,0
1,384.0,394.0,0.9273,0.0316,0.929,41.9,0,0.0281,0.0405,RSU_02,89,79,BENIGN,0,0,0
1,385.0,395.0,0.7898,0.0312,0.7916,43.0,0,0.0202,0.083,RSU_02,120,94,BENIGN,0,0,0
1,386.0,396.0,0.8776,0.0252,0.8793,41.0,0,0.036,0.0189,RSU_02,100,88,BENIGN,0,0,0
1,387.0,397.0,0.9194,0.0045,0.9216,52.9,0,0.0576,0.05,RSU_02,139,128,BENIGN,0,0,0
1,388.0,398.0,0.9367,0.0003,0.9387,47.4,0,0.0135,0.0581,RSU_02,121,109,BENIGN,0,0,0
1,389.0,399.0,0.8628,0.0001,0.8646,43.9,0,0.0096,0.0535,RSU_02,117,101,BENIGN,0,0,0
1,390.0,400.0,0.7956,0.0077,0.7979,54.7,0,0.0672,0.0725,RSU_02,139,109,BENIGN,0,0,0
1,391.0,401.0,0.9698,0.0128,0.9713,33.9,0,0.0536,0.0188,RSU_02,112,109,BENIGN,0,0,0
1,392.0,402.0,0.8176,0.0361,0.8189,33.0,0,0.0318,0.0245,RSU_02,94,75,BENIGN,0,0,0
1,393.0,403.0,0.872,0.0344,0.8741,51.1,0,0.0453,0.0157,RSU_02,119,102,BENIGN,0,0,0
1,394.0,404.0,0.8725,0.036,0.875,59.4,0,0.0601,0.0489,RSU_02,110,96,BENIGN,0,0,0
1,395.0,405.0,0.9109,0.0023,0.9125,39.4,0,0.0019,0.045,RSU_02,83,75,BENIGN,0,0,0
1,396.0,406.0,0.9247,0.0206,0.9259,28.9,0,0.016,0.032,RSU_02,109,99,BENIGN,0,0,0
1,397.0,407.0,0.9206,0.0191,0.9226,48.5,0,0.0514,0.0038,RSU_02,112,104,BENIGN,0,0,0
1,398.0,408.0,0.8383,0.0257,0.84,42.0,0,0.0554,0.0871,RSU_02,84,73,BENIGN,0,0,0
1,399.0,409.0,0.8908,0.0207,0.8927,44.7,0,0.0462,0.0749,RSU_02,146,133,BENIGN,0,0,0
1,400.0,410.0,0.8813,0.0037,0.8831,42.3,0,0.0614,0.0747,RSU_02,81,72,BENIGN,0,0,0
1,401.0,411.0,0.965,0.0103,0.9671,48.9,0,0.0474,0.0936,RSU_02,117,111,BENIGN,0,0,0
1,402.0,412.0,0.8382,0.0399,0.8405,55.6,0,0.0601,0.0645,RSU_02,85,69,BENIGN,0,0,0
1,403.0,413.0,0.9566,0.0013,0.9588,54.3,0,0.0293,0.0237,RSU_02,94,90,BENIGN,0,0,0
1,404.0,414.0,0.9755,0.0002,0.9773,44.0,0,0.0599,0.0903,RSU_02,63,61,BENIGN,0,0,0
1,405.0,415.0,0.8939,0.0211,0.8956,40.6,0,0.0113,0.0001,RSU_02,131,115,BENIGN,0,0,0
1,406.0,416.0,0.8238,0.0266,0.8256,43.8,0,0.0063,0.0604,RSU_02,66,52,BENIGN,0,0,0
1,407.0,417.0,0.9059,0.0069,0.9073,34.8,0,0.0593,0.0303,RSU_02,116,107,BENIGN,0,0,0
1,408.0,418.0,0.8693,0.0099,0.8712,45.8,0,0.0599,0.0262,RSU_02,138,118,BENIGN,0,0,0
1,409.0,419.0,0.7984,0.0157,0.8001,41.0,0,0.0571,0.0659,RSU_02,112,89,BENIGN,0,0,0
1,410.0,420.0,0.931,0.0202,0.9325,35.4,0,0.0567,0.0249,RSU_02,82,73,BENIGN,0,0,0
1,411.0,421.0,0.8888,0.0182,0.8909,50.7,0,0.0025,0.0879,RSU_02,51,44,BENIGN,0,0,0
1,412.0,422.0,0.9741,0.001,0.9758,41.8,0,0.0465,0.0549,RSU_02,71,70,BENIGN,0,0,0
1,413.0,423.0,0.7802,0.0375,0.7825,57.1,0,0.0132,0.0234,RSU_02,76,57,BENIGN,0,0,0
1,414.0,424.0,0.7844,0.0089,0.7864,47.7,0,0.0045,0.0103,RSU_02,93,73,BENIGN,0,0,0
1,415.0,425.0,0.9775,0.0362,0.9793,42.7,0,0.0453,0.0354,RSU_02,88,82,BENIGN,0,0,0
1,416.0,426.0,0.9599,0.0378,0.9622,54.6,0,0.0269,0.0561,RSU_02,59,55,BENIGN,0,0,0
1,417.0,427.0,0.9641,0.0063,0.9657,38.9,0,0.0365,0.0606,RSU_02,119,112,BENIGN,0,0,0
1,418.0,428.0,0.8723,0.0027,0.8744,49.6,0,0.0372,0.0821,RSU_02,111,96,BENIGN,0,0,0
1,419.0,429.0,0.7829,0.0121,0.7846,41.8,0,0.0558,0.079,RSU_02,79,64,BENIGN,0,0,0
1,420.0,430.0,0.8286,0.0055,0.8294,20.2,0,0.0157,0.0055,RSU_02,69,56,BENIGN,0,0,0
1,421.0,431.0,0.7818,0.0336,0.7833,37.5,0,0.0026,0.094,RSU_02,139,106,BENIGN,0,0,0
1,422.0,432.0,0.8613,0.0259,0.8638,60.3,0,0.0036,0.0054,RSU_02,95,85,BENIGN,0,0,0
1,423.0,433.0,0.9528,0.0084,0.9548,49.8,0,0.0315,0.0317,RSU_02,90,85,BENIGN,0,0,0
1,424.0,434.0,0.8727,0.0196,0.8745,42.0,0,0.0679,0.0706,RSU_02,99,84,BENIGN,0,0,0
1,425.0,435.0,0.8264,0.0108,0.8284,46.1,0,0.0643,0.0044,RSU_02,149,122,BENIGN,0,0,0
1,426.0,436.0,0.8834,0.0352,0.8852,44.3,0,0.033,0.0537,RSU_02,54,46,BENIGN,0,0,0
1,427.0,437.0,0.8663,0.0259,0.8678,35.9,0,0.057,0.0178,RSU_02,57,50,BENIGN,0,0,0
1,428.0,438.0,0.9415,0.0239,0.9431,37.1,0,0.027,0.0263,RSU_02,62,59,BENIGN,0,0,0
1,429.0,439.0,0.8798,0.0145,0.8825,63.0,0,0.0513,0.0901,RSU_02,66,58,BENIGN,0,0,0
1,430.0,440.0,0.9331,0.0373,0.9345,33.9,0,0.0223,0.095,RSU_02,56,51,BENIGN,0,0,0
1,431.0,441.0,0.8913,0.0268,0.8928,37.1,0,0.0665,0.015,RSU_02,53,47,BENIGN,0,0,0
1,432.0,442.0,0.8784,0.0239,0.88,39.0,0,0.0025,0.0275,RSU_02,53,48,BENIGN,0,0,0
1,433.0,443.0,0.9138,0.0065,0.9158,49.2,0,0.0725,0.0516,RSU_02,65,59,BENIGN,0,0,0
1,434.0,444.0,0.9289,0.008,0.9307,42.8,0,0.0169,0.0688,RSU_02,71,66,BENIGN,0,0,0
1,435.0,445.0,0.8752,0.0317,0.8774,53.5,0,0.0671,0.0655,RSU_02,72,62,BENIGN,0,0,0
1,436.0,446.0,0.8374,0.0084,0.8388,34.5,0,0.0364,0.0908,RSU_02,60,47,BENIGN,0,0,0
1,437.0,447.0,0.9737,0.0227,0.9758,49.6,0,0.0291,0.0757,RSU_02,75,75,BENIGN,0,0,0
1,438.0,448.0,0.8741,0.0255,0.8758,41.4,0,0.0177,0.0677,RSU_02,127,111,BENIGN,0,0,0
1,439.0,449.0,0.9678,0.0199,0.9703,60.5,0,0.0673,0.0801,RSU_02,91,87,BENIGN,0,0,0
1,440.0,450.0,0.8278,0.021,0.8294,38.0,0,0.0645,0.0353,RSU_02,114,91,BENIGN,0,0,0
1,441.0,451.0,0.8008,0.0109,0.8024,38.4,0,0.0684,0.0346,RSU_02,147,117,BENIGN,0,0,0
1,442.0,452.0,0.7865,0.0348,0.788,34.5,0,0.0111,0.0127,RSU_02,67,52,BENIGN,0,0,0
1,443.0,453.0,0.8635,0.0135,0.8653,42.2,0,0.0188,0.0481,RSU_02,105,90,BENIGN,0,0,0
1,444.0,454.0,0.8156,0.0386,0.8169,31.1,0,0.0012,0.0481,RSU_02,83,69,BENIGN,0,0,0
1,445.0,455.0,0.8671,0.0293,0.8696,59.1,0,0.0549,0.0833,RSU_02,74,61,BENIGN,0,0,0
1,446.0,456.0,0.8821,0.0126,0.8843,53.1,0,0.0113,0.0214,RSU_02,60,56,BENIGN,0,0,0
1,447.0,457.0,0.9332,0.0021,0.9354,50.9,0,0.0707,0.0863,RSU_02,94,90,BENIGN,0,0,0
1,448.0,458.0,0.9701,0.0033,0.972,44.8,0,0.0153,0.0441,RSU_02,108,104,BENIGN,0,0,0
1,449.0,459.0,0.9069,0.0079,0.9085,37.8,0,0.0396,0.0742,RSU_02,127,114,BENIGN,0,0,0
1,450.0,460.0,0.9193,0.0163,0.9204,26.4,0,0.0224,0.0731,RSU_02,74,68,BENIGN,0,0,0
1,451.0,461.0,0.9121,0.0047,0.9139,42.9,0,0.0524,0.0283,RSU_02,50,43,BENIGN,0,0,0
1,452.0,462.0,0.9078,0.0388,0.9094,39.0,0,0.0299,0.0681,RSU_02,56,51,BENIGN,0,0,0
1,453.0,463.0,0.8405,0.0048,0.8423,45.5,0,0.0563,0.0645,RSU_02,87,72,BENIGN,0,0,0
1,454.0,464.0,0.833,0.0214,0.8349,45.9,0,0.0659,0.0103,RSU_02,144,119,BENIGN,0,0,0
1,455.0,465.0,0.8608,0.0161,0.8624,37.5,0,0.0627,0.0963,RSU_02,62,54,BENIGN,0,0,0
1,456.0,466.0,0.8563,0.0021,0.8578,36.9,0,0.0548,0.0436,RSU_02,69,53,BENIGN,0,0,0
1,457.0,467.0,0.8427,0.0255,0.8446,46.0,0,0.0231,0.0236,RSU_02,123,104,BENIGN,0,0,0
1,458.0,468.0,0.9766,0.0208,0.9781,35.8,0,0.0292,0.0873,RSU_02,89,85,BENIGN,0,0,0
1,459.0,469.0,0.8465,0.0271,0.8479,33.1,0,0.0232,0.0577,RSU_02,56,46,BENIGN,0,0,0
1,460.0,470.0,0.8592,0.0266,0.8608,38.9,0,0.0204,0.0127,RSU_02,55,44,BENIGN,0,0,0
1,461.0,471.0,0.9398,0.0006,0.9412,35.1,0,0.0446,0.0379,RSU_02,100,93,BENIGN,0,0,0
1,462.0,472.0,0.934,0.0349,0.9352,27.3,0,0.0154,0.0098,RSU_02,139,131,BENIGN,0,0,0
1,463.0,473.0,0.8064,0.0236,0.8084,47.5,0,0.042,0.0203,RSU_02,95,72,BENIGN,0,0,0
1,464.0,474.0,0.8951,0.0281,0.897,45.2,0,0.0634,0.0629,RSU_02,65,60,BENIGN,0,0,0
1,465.0,475.0,0.8665,0.0133,0.8685,49.9,1,0.0536,0.0216,RSU_02,109,96,BENIGN,0,0,0
1,466.0,476.0,0.986,0.0245,0.9881,50.5,0,0.0635,0.0086,RSU_02,68,66,BENIGN,0,0,0
1,467.0,477.0,0.9262,0.0137,0.9275,32.1,0,0.0086,0.007,RSU_02,108,102,BENIGN,0,0,0
1,468.0,478.0,0.8687,0.0159,0.871,55.5,0,0.0021,0.0336,RSU_02,147,127,BENIGN,0,0,0
1,469.0,479.0,0.9579,0.0177,0.9596,39.0,0,0.0014,0.0075,RSU_02,101,98,BENIGN,0,0,0
1,470.0,480.0,0.9153,0.0011,0.9173,46.6,0,0.0663,0.0788,RSU_02,75,69,BENIGN,0,0,0
1,471.0,481.0,0.8222,0.0071,0.8237,34.3,1,0.027,0.0418,RSU_02,100,83,BENIGN,0,0,0
1,472.0,482.0,0.9071,0.0158,0.9082,27.9,1,0.0239,0.0867,RSU_02,124,112,BENIGN,0,0,0
1,473.0,483.0,0.9262,0.0082,0.9279,41.8,0,0.0353,0.0065,RSU_02,132,124,BENIGN,0,0,0
1,474.0,484.0,0.9101,0.0321,0.9118,41.1,0,0.0345,0.0786,RSU_02,96,89,BENIGN,0,0,0
1,475.0,485.0,0.9449,0.0329,0.9466,41.8,0,0.0444,0.018,RSU_02,96,92,BENIGN,0,0,0
1,476.0,486.0,0.7903,0.0341,0.7928,59.1,0,0.0439,0.0197,RSU_02,81,63,BENIGN,0,0,0
1,477.0,487.0,0.8133,0.0325,0.8151,44.0,0,0.0106,0.0233,RSU_02,95,73,BENIGN,0,0,0
1,478.0,488.0,0.9459,0.0247,0.9482,54.7,0,0.009,0.0156,RSU_02,93,88,BENIGN,0,0,0
1,479.0,489.0,0.8615,0.0068,0.8637,53.7,0,0.0181,0.0576,RSU_02,92,78,BENIGN,0,0,0
1,480.0,490.0,0.959,0.0103,0.9604,31.6,0,0.0393,0.0976,RSU_02,83,79,BENIGN,0,0,0
1,481.0,491.0,0.7988,0.0384,0.8003,35.5,0,0.0573,0.0788,RSU_02,120,96,BENIGN,0,0,0
1,482.0,492.0,0.9809,0.02,0.9823,32.1,0,0.0745,0.0583,RSU_02,103,103,BENIGN,0,0,0
1,483.0,493.0,0.8307,0.0204,0.832,30.4,1,0.0304,0.0448,RSU_02,148,122,BENIGN,0,0,0
1,484.0,494.0,0.7901,0.031,0.7916,36.7,0,0.0457,0.0761,RSU_02,64,46,BENIGN,0,0,0
1,485.0,495.0,0.7824,0.0052,0.7836,29.4,0,0.0247,0.0117,RSU_02,148,116,BENIGN,0,0,0
1,486.0,496.0,0.9034,0.0026,0.9049,35.9,0,0.069,0.0961,RSU_02,74,66,BENIGN,0,0,0
1,487.0,497.0,0.8669,0.0108,0.8685,38.8,0,0.0165,0.0654,RSU_02,91,78,BENIGN,0,0,0
1,488.0,498.0,0.9603,0.0047,0.9623,46.4,0,0.0629,0.0674,RSU_02,61,56,BENIGN,0,0,0
1,489.0,499.0,0.8097,0.0257,0.8113,37.6,0,0.0306,0.0957,RSU_02,82,70,BENIGN,0,0,0
1,490.0,500.0,0.8331,0.0175,0.8351,48.6,0,0.0416,0.0295,RSU_02,51,41,BENIGN,0,0,0
1,491.0,501.0,0.8159,0.0349,0.8174,36.2,0,0.0564,0.0085,RSU_02,115,91,BENIGN,0,0,0
1,492.0,502.0,0.8321,0.0371,0.8339,44.9,1,0.0746,0.0721,RSU_02,126,105,BENIGN,0,0,0
1,493.0,503.0,0.8181,0.0324,0.8198,42.2,0,0.0108,0.0469,RSU_02,143,115,BENIGN,0,0,0
1,494.0,504.0,0.8464,0.017,0.8481,42.1,0,0.0247,0.0281,RSU_02,147,124,BENIGN,0,0,0
1,495.0,505.0,0.9052,0.0366,0.9071,45.7,1,0.023,0.0186,RSU_02,115,102,BENIGN,0,0,0
1,496.0,506.0,0.833,0.0382,0.835,49.9,0,0.0739,0.0457,RSU_02,134,113,BENIGN,0,0,0
1,497.0,507.0,0.8695,0.0215,0.8706,24.2,0,0.0018,0.0444,RSU_02,128,108,BENIGN,0,0,0
1,498.0,508.0,0.7838,0.0223,0.7859,50.5,0,0.063,0.0541,RSU_02,82,67,BENIGN,0,0,0
1,499.0,509.0,0.9216,0.0322,0.9237,50.3,0,0.0527,0.0398,RSU_02,101,92,BENIGN,0,0,0
